epoch,time,train/box_loss,train/seg_loss,train/cls_loss,train/dfl_loss,metrics/precision(B),metrics/recall(B),metrics/mAP50(B),metrics/mAP50-95(B),metrics/precision(M),metrics/recall(M),metrics/mAP50(M),metrics/mAP50-95(M),val/box_loss,val/seg_loss,val/cls_loss,val/dfl_loss,lr/pg0,lr/pg1,lr/pg2
1,3.27393,1.06846,1.89345,4.04253,1.0065,0.00808,0.31667,0.08963,0.06786,0.00961,0.36389,0.08892,0.05735,0.9092,1.53334,3.82949,0.94279,7.145e-05,7.145e-05,7.145e-05
2,5.29357,0.77366,1.22937,3.43665,0.87946,0.01196,0.49444,0.34965,0.30915,0.01335,0.51944,0.35751,0.2774,0.76517,1.35825,3.50145,0.81825,0.000156412,0.000156412,0.000156412
3,7.29723,0.71575,0.9001,1.86045,0.81726,1,0.28369,0.62335,0.51952,1,0.28369,0.62335,0.49402,0.81248,1.17835,2.90823,0.82634,0.000240525,0.000240525,0.000240525
4,9.17329,0.65963,0.78875,1.10991,0.81231,0.9895,0.39888,0.66717,0.5468,0.9895,0.39888,0.66717,0.51997,0.78548,1.14561,2.42998,0.82019,0.000323789,0.000323789,0.000323789
5,11.0935,0.64802,0.74539,0.88752,0.81358,0.99381,0.33333,0.83744,0.68275,0.99381,0.33333,0.83808,0.64513,0.84379,1.31811,3.08338,0.85592,0.000406205,0.000406205,0.000406205
6,12.9837,0.64872,0.72328,0.82927,0.81331,1,0.2925,0.83435,0.66645,1,0.29825,0.83499,0.65401,0.85189,1.39793,3.14019,0.86042,0.000487771,0.000487771,0.000487771
7,14.7929,0.58464,0.67377,0.71511,0.81367,1,0.15268,0.99191,0.77143,1,0.15268,0.99191,0.72667,0.87744,1.21369,2.56306,0.84704,0.000568489,0.000568489,0.000568489
8,16.6644,0.59683,0.69674,0.69206,0.81226,1,0.18098,0.995,0.77931,1,0.18098,0.995,0.76283,0.87761,1.22884,2.57957,0.85813,0.000648358,0.000648358,0.000648358
9,18.5968,0.59168,0.68642,0.66454,0.80886,0.99124,0.35028,0.9945,0.80375,0.99124,0.35028,0.9945,0.79246,0.8974,1.14142,2.36209,0.86982,0.000727378,0.000727378,0.000727378
10,20.5072,0.60704,0.70339,0.65268,0.82305,0.97832,0.38983,0.99375,0.82309,0.97832,0.38983,0.99375,0.77626,0.79256,0.97856,2.28853,0.85348,0.000805549,0.000805549,0.000805549
11,22.436,0.63175,0.68676,0.62884,0.82118,0.98523,0.38352,0.99483,0.80004,0.98523,0.38352,0.99483,0.76241,0.93649,1.3035,2.24515,0.87666,0.000882872,0.000882872,0.000882872
12,24.3362,0.66742,0.65293,0.62621,0.82336,0.98599,0.46327,0.995,0.81418,0.98599,0.46327,0.995,0.75985,0.91043,1.28452,2.00436,0.8756,0.000959346,0.000959346,0.000959346
13,26.1885,0.62997,0.67355,0.60504,0.8129,0.98647,0.65275,0.995,0.85074,0.98647,0.65275,0.995,0.79441,0.79273,1.25544,1.88123,0.85211,0.00103497,0.00103497,0.00103497
14,28.1032,0.59674,0.6403,0.58086,0.81505,0.9829,0.72749,0.995,0.8511,0.9829,0.72749,0.995,0.7975,0.80704,1.18929,1.91284,0.85287,0.00110975,0.00110975,0.00110975
15,30.0019,0.56683,0.63616,0.56747,0.82074,0.97869,0.76951,0.995,0.85116,0.97869,0.76951,0.995,0.8032,0.77137,1.08735,1.75332,0.84728,0.00118367,0.00118367,0.00118367
16,31.918,0.56504,0.62583,0.53367,0.80814,0.97637,0.99943,0.995,0.85482,0.97637,0.99943,0.995,0.77881,0.78934,1.12359,1.06079,0.86153,0.00125675,0.00125675,0.00125675
17,34.023,0.56204,0.61317,0.53179,0.80614,0.98048,1,0.995,0.84328,0.98048,1,0.995,0.77552,0.77054,1.12781,0.9037,0.85868,0.00131582,0.00131582,0.00131582
18,36.2154,0.56867,0.63658,0.53604,0.81245,0.9735,0.99779,0.995,0.85332,0.9735,0.99779,0.995,0.78063,0.74802,1.02189,1.03636,0.84947,0.00130875,0.00130875,0.00130875
19,38.3504,0.59385,0.61764,0.55036,0.81311,0.9757,1,0.995,0.82457,0.9757,1,0.995,0.7867,0.81749,1.13177,0.97513,0.86288,0.00130168,0.00130168,0.00130168
20,40.3049,0.59986,0.64785,0.53532,0.80885,0.9877,0.998,0.995,0.85828,0.9877,0.998,0.995,0.81583,0.76811,1.01891,0.72059,0.85459,0.0012946,0.0012946,0.0012946
21,42.2438,0.58578,0.60433,0.53485,0.81488,0.98846,1,0.995,0.8726,0.98846,1,0.995,0.80656,0.74703,1.00424,0.67689,0.85151,0.00128753,0.00128753,0.00128753
22,44.1838,0.55794,0.59078,0.51091,0.81122,0.98476,0.99849,0.995,0.88188,0.98476,0.99849,0.995,0.79532,0.74064,0.98395,0.64103,0.84895,0.00128046,0.00128046,0.00128046
23,46.1166,0.54406,0.5845,0.49848,0.8052,0.98825,0.99428,0.995,0.88023,0.98825,0.99428,0.995,0.8102,0.72228,1.03746,0.61882,0.84441,0.00127338,0.00127338,0.00127338
24,47.9892,0.52427,0.57241,0.50369,0.81423,0.99308,1,0.995,0.87407,0.99308,1,0.995,0.79997,0.72419,1.11837,0.51254,0.8426,0.00126631,0.00126631,0.00126631
25,49.9137,0.53949,0.59133,0.48442,0.80301,0.99466,1,0.995,0.8556,0.99466,1,0.995,0.80154,0.78677,1.25081,0.49749,0.85628,0.00125923,0.00125923,0.00125923
26,51.8299,0.52355,0.55662,0.49141,0.80031,0.99137,1,0.995,0.86918,0.99137,1,0.995,0.80435,0.73212,1.17056,0.52912,0.84822,0.00125216,0.00125216,0.00125216
27,53.681,0.559,0.60324,0.49316,0.80738,0.99271,0.99867,0.995,0.87505,0.99271,0.99867,0.995,0.8162,0.72748,1.2096,0.50522,0.84846,0.00124509,0.00124509,0.00124509
28,55.5785,0.50751,0.58065,0.47536,0.80957,0.99644,1,0.995,0.87488,0.99644,1,0.995,0.79257,0.73966,1.15164,0.43301,0.85373,0.00123801,0.00123801,0.00123801
29,57.4483,0.53426,0.6225,0.46965,0.80506,0.99664,1,0.995,0.86434,0.99664,1,0.995,0.81107,0.7509,1.09254,0.45242,0.85674,0.00123094,0.00123094,0.00123094
30,59.3167,0.51325,0.58563,0.46598,0.81573,0.99057,1,0.995,0.86163,0.99057,1,0.995,0.81468,0.72035,1.0035,0.44897,0.84248,0.00122387,0.00122387,0.00122387
31,61.2525,0.50613,0.53914,0.44518,0.79997,0.9925,0.99944,0.995,0.88405,0.9925,0.99944,0.995,0.80874,0.72154,1.12559,0.43893,0.84633,0.00121679,0.00121679,0.00121679
32,63.198,0.49463,0.54949,0.44038,0.80843,0.99185,1,0.995,0.86781,0.99185,1,0.995,0.82933,0.73232,1.05592,0.43266,0.84577,0.00120972,0.00120972,0.00120972
33,65.05,0.52965,0.55488,0.46069,0.81424,0.99066,1,0.995,0.89632,0.99066,1,0.995,0.81965,0.74153,1.09993,0.44378,0.84808,0.00120265,0.00120265,0.00120265
34,66.9669,0.5251,0.57883,0.45641,0.8061,0.98888,0.99899,0.995,0.87924,0.98888,0.99899,0.995,0.80827,0.73828,1.03306,0.47081,0.85024,0.00119557,0.00119557,0.00119557
35,68.8222,0.50445,0.55498,0.44546,0.80859,0.99598,1,0.995,0.88161,0.99598,1,0.995,0.81248,0.73336,1.08247,0.43421,0.8493,0.0011885,0.0011885,0.0011885
36,70.7249,0.52446,0.55555,0.44638,0.80884,0.99767,1,0.995,0.86326,0.99767,1,0.995,0.80308,0.75188,1.15433,0.43316,0.85294,0.00118143,0.00118143,0.00118143
37,72.6601,0.50226,0.5407,0.43954,0.80705,0.99577,1,0.995,0.86415,0.99577,1,0.995,0.81326,0.75714,1.20923,0.42238,0.8541,0.00117435,0.00117435,0.00117435
38,74.6567,0.49968,0.55462,0.42637,0.8061,0.99238,1,0.995,0.88907,0.99238,1,0.995,0.80283,0.71211,1.24297,0.42673,0.84419,0.00116728,0.00116728,0.00116728
39,76.7064,0.47782,0.52033,0.41824,0.79221,0.9937,1,0.995,0.87473,0.9937,1,0.995,0.81391,0.7344,1.32268,0.40578,0.84936,0.00116021,0.00116021,0.00116021
40,78.7493,0.47265,0.5266,0.4091,0.80491,0.99593,1,0.995,0.8864,0.99593,1,0.995,0.81028,0.72115,1.31018,0.39335,0.85066,0.00115313,0.00115313,0.00115313
41,80.8101,0.49298,0.58069,0.42277,0.80544,0.99263,1,0.995,0.88562,0.99263,1,0.995,0.81204,0.74805,1.37164,0.4151,0.85666,0.00114606,0.00114606,0.00114606
42,82.8259,0.48814,0.53675,0.42755,0.80241,0.98891,1,0.995,0.88949,0.98891,1,0.995,0.80755,0.70348,1.10896,0.38969,0.84557,0.00113898,0.00113898,0.00113898
43,84.8147,0.47182,0.54279,0.41194,0.79619,0.99497,1,0.995,0.88956,0.99497,1,0.995,0.8129,0.70564,1.12044,0.37964,0.84859,0.00113191,0.00113191,0.00113191
44,86.8455,0.45476,0.53286,0.39719,0.79816,0.98962,1,0.995,0.88543,0.98962,1,0.995,0.81108,0.72723,1.13512,0.46569,0.85382,0.00112484,0.00112484,0.00112484
45,88.856,0.47852,0.58036,0.41448,0.80118,0.99016,1,0.995,0.88611,0.99016,1,0.995,0.81699,0.73201,1.09172,0.43234,0.85145,0.00111776,0.00111776,0.00111776
46,90.8251,0.46357,0.54028,0.40053,0.805,0.99178,1,0.995,0.88005,0.99178,1,0.995,0.80392,0.71271,1.11973,0.40905,0.84457,0.00111069,0.00111069,0.00111069
47,92.8597,0.4909,0.52941,0.41117,0.8013,0.99331,0.99957,0.995,0.87889,0.99331,0.99957,0.995,0.80075,0.71377,1.18137,0.39882,0.84614,0.00110362,0.00110362,0.00110362
48,94.8529,0.46068,0.51013,0.40506,0.8049,0.9965,1,0.995,0.86867,0.9965,1,0.995,0.80961,0.76559,1.34406,0.40464,0.85898,0.00109654,0.00109654,0.00109654
49,96.7923,0.48201,0.55162,0.40111,0.79985,0.99627,1,0.995,0.86386,0.99627,1,0.995,0.80223,0.75514,1.34319,0.41073,0.85615,0.00108947,0.00108947,0.00108947
50,98.8033,0.4725,0.51809,0.40652,0.79739,0.99214,1,0.995,0.87925,0.99214,1,0.995,0.80014,0.74472,1.42775,0.38385,0.85574,0.0010824,0.0010824,0.0010824
51,100.786,0.47845,0.55647,0.40229,0.80002,0.99295,1,0.995,0.87458,0.99295,1,0.995,0.80542,0.72825,1.26835,0.39838,0.85072,0.00107532,0.00107532,0.00107532
52,102.745,0.46209,0.53624,0.39961,0.80012,0.9957,1,0.995,0.89312,0.9957,1,0.995,0.79733,0.71767,1.29815,0.38015,0.8498,0.00106825,0.00106825,0.00106825
53,104.703,0.46207,0.54255,0.38681,0.79892,0.99703,1,0.995,0.89359,0.99703,1,0.995,0.80079,0.70599,1.16285,0.38257,0.8465,0.00106118,0.00106118,0.00106118
54,106.725,0.46167,0.5117,0.39226,0.79783,0.99568,1,0.995,0.87205,0.99568,1,0.995,0.79646,0.77342,1.26449,0.40126,0.85985,0.0010541,0.0010541,0.0010541
55,108.732,0.47526,0.52958,0.37895,0.79548,0.99573,1,0.995,0.88205,0.99573,1,0.995,0.80693,0.72093,1.2543,0.37821,0.8474,0.00104703,0.00104703,0.00104703
56,110.739,0.46273,0.54099,0.386,0.79685,0.99599,1,0.995,0.88289,0.99599,1,0.995,0.80621,0.73064,1.2942,0.36188,0.85076,0.00103995,0.00103995,0.00103995
57,112.692,0.45819,0.52698,0.38205,0.80195,0.99554,1,0.995,0.88991,0.99554,1,0.995,0.80685,0.71671,1.14805,0.35943,0.84786,0.00103288,0.00103288,0.00103288
58,114.705,0.46331,0.52973,0.38472,0.80214,0.99665,1,0.995,0.87177,0.99665,1,0.995,0.8079,0.7704,1.25321,0.38844,0.85932,0.00102581,0.00102581,0.00102581
59,116.707,0.4893,0.54148,0.37833,0.79759,0.99634,1,0.995,0.87653,0.99634,1,0.995,0.8223,0.74928,1.24563,0.39743,0.85407,0.00101873,0.00101873,0.00101873
60,118.685,0.48188,0.5416,0.37301,0.80357,0.99632,1,0.995,0.88885,0.99632,1,0.995,0.79727,0.70362,1.10604,0.37671,0.84487,0.00101166,0.00101166,0.00101166
61,120.688,0.46565,0.53224,0.3727,0.80903,0.99675,1,0.995,0.87319,0.99675,1,0.995,0.81582,0.74787,1.22282,0.37361,0.85488,0.00100459,0.00100459,0.00100459
62,122.681,0.46724,0.54708,0.37713,0.80138,0.99639,0.99987,0.995,0.88938,0.99639,0.99987,0.995,0.81891,0.71414,1.05378,0.35328,0.84786,0.000997513,0.000997513,0.000997513
63,124.608,0.4471,0.52044,0.36135,0.7967,0.99596,1,0.995,0.88531,0.99596,1,0.995,0.80718,0.71273,1.07658,0.35065,0.84718,0.00099044,0.00099044,0.00099044
64,126.681,0.46436,0.54339,0.35969,0.80165,0.99561,1,0.995,0.88943,0.99561,1,0.995,0.81525,0.73653,1.34801,0.36311,0.85433,0.000983366,0.000983366,0.000983366
65,128.628,0.44707,0.49959,0.36513,0.80356,0.99507,0.99916,0.995,0.89457,0.99507,0.99916,0.995,0.81685,0.70087,1.29821,0.34709,0.84429,0.000976293,0.000976293,0.000976293
66,130.626,0.43917,0.54035,0.35103,0.80115,0.99546,1,0.995,0.89611,0.99546,1,0.995,0.81068,0.74239,1.39781,0.36231,0.85111,0.000969219,0.000969219,0.000969219
67,132.607,0.45683,0.5236,0.36303,0.80222,0.99586,1,0.995,0.89279,0.99586,1,0.995,0.81755,0.73243,1.29069,0.35907,0.84871,0.000962146,0.000962146,0.000962146
68,134.598,0.45669,0.52173,0.34592,0.78842,0.99602,1,0.995,0.89921,0.99602,1,0.995,0.81618,0.71017,1.22051,0.35244,0.84672,0.000955072,0.000955072,0.000955072
69,136.634,0.44153,0.51124,0.34482,0.79691,0.99515,1,0.995,0.89908,0.99515,1,0.995,0.81575,0.7117,1.21556,0.35533,0.8485,0.000947999,0.000947999,0.000947999
70,138.641,0.45524,0.52597,0.35295,0.79061,0.99541,1,0.995,0.89628,0.99541,1,0.995,0.80643,0.72229,1.32287,0.35266,0.85101,0.000940925,0.000940925,0.000940925
71,140.62,0.44044,0.51138,0.34099,0.79656,0.99543,1,0.995,0.8969,0.99543,1,0.995,0.80789,0.73386,1.35311,0.34724,0.85297,0.000933851,0.000933851,0.000933851
72,142.675,0.42599,0.48951,0.34169,0.79457,0.99527,0.99893,0.995,0.89414,0.99527,0.99893,0.995,0.81005,0.71791,1.23701,0.34298,0.84763,0.000926778,0.000926778,0.000926778
73,144.672,0.44388,0.53809,0.33801,0.80186,0.98895,0.9997,0.995,0.89481,0.98895,0.9997,0.995,0.80975,0.72724,1.28221,0.35423,0.85111,0.000919704,0.000919704,0.000919704
74,146.672,0.42378,0.49156,0.33132,0.79151,0.99483,1,0.995,0.88759,0.99483,1,0.995,0.80529,0.7185,1.29901,0.34372,0.84975,0.000912631,0.000912631,0.000912631
75,148.635,0.4325,0.48518,0.33037,0.79484,0.99584,1,0.995,0.8934,0.99584,1,0.995,0.80789,0.7244,1.40579,0.34213,0.8504,0.000905557,0.000905557,0.000905557
76,150.75,0.42495,0.48607,0.33245,0.79444,0.99619,1,0.995,0.89545,0.99619,1,0.995,0.79882,0.71503,1.47724,0.3453,0.84717,0.000898484,0.000898484,0.000898484
77,152.769,0.42948,0.49265,0.34267,0.79342,0.99617,1,0.995,0.90078,0.99617,1,0.995,0.81009,0.70214,1.38352,0.34332,0.84446,0.00089141,0.00089141,0.00089141
78,154.775,0.4278,0.49821,0.33157,0.79409,0.99568,1,0.995,0.89421,0.99568,1,0.995,0.80822,0.70408,1.20524,0.36798,0.84431,0.000884337,0.000884337,0.000884337
79,156.757,0.43781,0.55499,0.33216,0.79464,0.9954,1,0.995,0.90079,0.9954,1,0.995,0.79843,0.70647,1.12577,0.3559,0.84514,0.000877263,0.000877263,0.000877263
80,158.885,0.42385,0.50487,0.33106,0.78584,0.99563,1,0.995,0.89785,0.99563,1,0.995,0.81139,0.70796,1.13045,0.35485,0.84687,0.00087019,0.00087019,0.00087019
81,160.815,0.4356,0.50812,0.33882,0.80236,0.99408,1,0.995,0.89656,0.99408,1,0.995,0.79953,0.70351,1.11043,0.35611,0.8446,0.000863116,0.000863116,0.000863116
82,162.796,0.44063,0.49659,0.33218,0.80242,0.99558,1,0.995,0.88755,0.99558,1,0.995,0.81253,0.72853,1.18894,0.34238,0.84957,0.000856042,0.000856042,0.000856042
83,164.781,0.42456,0.49261,0.3274,0.79488,0.99618,1,0.995,0.89233,0.99618,1,0.995,0.8144,0.72258,1.21814,0.34314,0.84882,0.000848969,0.000848969,0.000848969
84,166.746,0.44356,0.50954,0.33158,0.79668,0.996,1,0.995,0.89313,0.996,1,0.995,0.8087,0.70912,1.35436,0.34094,0.84863,0.000841895,0.000841895,0.000841895
85,168.764,0.43373,0.4884,0.32159,0.79317,0.99582,1,0.995,0.88785,0.99582,1,0.995,0.81115,0.72923,1.43652,0.34224,0.85227,0.000834822,0.000834822,0.000834822
86,170.802,0.43221,0.50023,0.3225,0.79688,0.98925,0.9992,0.995,0.90108,0.98925,0.9992,0.995,0.81377,0.7131,1.25487,0.35282,0.84722,0.000827748,0.000827748,0.000827748
87,172.723,0.42744,0.47921,0.32678,0.79547,0.98806,0.99866,0.995,0.89677,0.98806,0.99866,0.995,0.80843,0.7194,1.23626,0.35055,0.84824,0.000820675,0.000820675,0.000820675
88,174.734,0.42923,0.49619,0.32975,0.79466,0.99566,1,0.995,0.89581,0.99566,1,0.995,0.81692,0.70555,1.25821,0.3363,0.84529,0.000813601,0.000813601,0.000813601
89,176.732,0.4385,0.50659,0.32225,0.79455,0.99648,1,0.995,0.89851,0.99648,1,0.995,0.80854,0.70212,1.29867,0.32569,0.84712,0.000806528,0.000806528,0.000806528
90,178.679,0.41301,0.48099,0.31074,0.79395,0.99693,1,0.995,0.8929,0.99693,1,0.995,0.82589,0.72655,1.36548,0.33396,0.84941,0.000799454,0.000799454,0.000799454
91,180.74,0.42563,0.47928,0.31765,0.79179,0.99614,1,0.995,0.89085,0.99614,1,0.995,0.81672,0.7332,1.43566,0.33008,0.85061,0.00079238,0.00079238,0.00079238
92,182.72,0.43033,0.49283,0.32253,0.79087,0.9962,1,0.995,0.90393,0.9962,1,0.995,0.80424,0.70218,1.46733,0.33882,0.84473,0.000785307,0.000785307,0.000785307
93,184.692,0.42201,0.49596,0.31679,0.80024,0.99628,1,0.995,0.90292,0.99628,1,0.995,0.81328,0.705,1.44185,0.33854,0.84598,0.000778233,0.000778233,0.000778233
94,186.69,0.43487,0.49567,0.3161,0.79892,0.99495,1,0.995,0.90189,0.99495,1,0.995,0.81904,0.71323,1.21359,0.33477,0.84741,0.00077116,0.00077116,0.00077116
95,188.632,0.4312,0.49523,0.32327,0.79255,0.99497,1,0.995,0.89675,0.99497,1,0.995,0.8112,0.70772,1.08609,0.32068,0.84593,0.000764086,0.000764086,0.000764086
96,190.618,0.40833,0.50516,0.3097,0.79602,0.99608,1,0.995,0.89258,0.99608,1,0.995,0.82087,0.73873,1.2494,0.33351,0.85333,0.000757013,0.000757013,0.000757013
97,192.558,0.41641,0.47319,0.31394,0.79926,0.99638,1,0.995,0.89186,0.99638,1,0.995,0.81318,0.71937,1.27689,0.33256,0.85001,0.000749939,0.000749939,0.000749939
98,194.519,0.43276,0.47139,0.31199,0.79206,0.99541,1,0.995,0.89484,0.99541,1,0.995,0.80124,0.70531,1.32552,0.33098,0.84855,0.000742866,0.000742866,0.000742866
99,196.484,0.43863,0.49904,0.32018,0.79486,0.99361,1,0.995,0.89549,0.99361,1,0.995,0.81607,0.7267,1.46635,0.32994,0.85231,0.000735792,0.000735792,0.000735792
100,198.496,0.43878,0.47591,0.31041,0.78853,0.99131,1,0.995,0.89293,0.99131,1,0.995,0.83002,0.7187,1.40719,0.3225,0.85054,0.000728719,0.000728719,0.000728719
101,200.461,0.4147,0.49072,0.31048,0.79559,0.99359,1,0.995,0.89636,0.99359,1,0.995,0.81964,0.72281,1.48936,0.32246,0.8524,0.000721645,0.000721645,0.000721645
102,202.463,0.42859,0.52004,0.30722,0.79504,0.99639,1,0.995,0.90286,0.99639,1,0.995,0.82273,0.71598,1.38332,0.34556,0.84802,0.000714571,0.000714571,0.000714571
103,204.405,0.40528,0.49199,0.29918,0.79165,0.99536,1,0.995,0.90137,0.99536,1,0.995,0.81815,0.72447,1.36583,0.33795,0.85043,0.000707498,0.000707498,0.000707498
104,206.408,0.42137,0.49638,0.30798,0.79531,0.99272,1,0.995,0.90167,0.99272,1,0.995,0.82253,0.71268,1.40311,0.33673,0.84829,0.000700424,0.000700424,0.000700424
105,208.397,0.42267,0.4939,0.30512,0.79486,0.99268,1,0.995,0.90021,0.99268,1,0.995,0.83305,0.70717,1.32724,0.32989,0.84553,0.000693351,0.000693351,0.000693351
106,210.414,0.41594,0.47817,0.29984,0.79095,0.99471,1,0.995,0.89965,0.99471,1,0.995,0.8176,0.71215,1.36812,0.32097,0.84576,0.000686277,0.000686277,0.000686277
107,212.41,0.43118,0.49461,0.30604,0.78561,0.99605,1,0.995,0.89491,0.99605,1,0.995,0.82655,0.71878,1.34687,0.32136,0.848,0.000679204,0.000679204,0.000679204
108,214.386,0.43101,0.48352,0.30738,0.78717,0.99492,1,0.995,0.90045,0.99492,1,0.995,0.83671,0.72257,1.27288,0.32344,0.8472,0.00067213,0.00067213,0.00067213
109,216.366,0.3998,0.48574,0.29746,0.79905,0.99454,1,0.995,0.8914,0.99454,1,0.995,0.8254,0.73785,1.34779,0.32273,0.85191,0.000665057,0.000665057,0.000665057
110,218.414,0.4054,0.45958,0.29482,0.78758,0.99587,1,0.995,0.90109,0.99587,1,0.995,0.81765,0.70484,1.29595,0.32091,0.84457,0.000657983,0.000657983,0.000657983
111,220.386,0.39529,0.48725,0.29139,0.79154,0.99644,1,0.995,0.90119,0.99644,1,0.995,0.81817,0.70202,1.3306,0.31922,0.84411,0.000650909,0.000650909,0.000650909
112,222.368,0.4226,0.48948,0.29852,0.79427,0.99586,1,0.995,0.8964,0.99586,1,0.995,0.81633,0.72658,1.44003,0.32287,0.85077,0.000643836,0.000643836,0.000643836
113,224.326,0.39809,0.4684,0.28673,0.78718,0.99511,1,0.995,0.90037,0.99511,1,0.995,0.81264,0.70243,1.31956,0.32054,0.84731,0.000636762,0.000636762,0.000636762
114,226.327,0.3994,0.47646,0.29222,0.78437,0.99629,1,0.995,0.89403,0.99629,1,0.995,0.81976,0.71906,1.31573,0.3262,0.84911,0.000629689,0.000629689,0.000629689
115,228.35,0.40402,0.47848,0.29547,0.78496,0.99549,1,0.995,0.89056,0.99549,1,0.995,0.81617,0.72265,1.32416,0.31937,0.85048,0.000622615,0.000622615,0.000622615
116,230.34,0.40035,0.45712,0.29179,0.79587,0.99571,1,0.995,0.8887,0.99571,1,0.995,0.82049,0.70108,1.29069,0.31462,0.84701,0.000615542,0.000615542,0.000615542
117,232.291,0.39436,0.45048,0.28599,0.79555,0.9973,1,0.995,0.89437,0.9973,1,0.995,0.82493,0.69921,1.31305,0.31252,0.8469,0.000608468,0.000608468,0.000608468
118,234.387,0.38593,0.45658,0.2803,0.79537,0.99747,1,0.995,0.89978,0.99747,1,0.995,0.82023,0.71487,1.39603,0.3301,0.84909,0.000601395,0.000601395,0.000601395
119,236.324,0.39103,0.44895,0.28445,0.79373,0.99617,1,0.995,0.90037,0.99617,1,0.995,0.81801,0.69968,1.39833,0.3267,0.84653,0.000594321,0.000594321,0.000594321
120,238.308,0.39398,0.45593,0.28533,0.7871,0.99448,1,0.995,0.89894,0.99448,1,0.995,0.83447,0.70715,1.45564,0.3122,0.84654,0.000587248,0.000587248,0.000587248
121,240.337,0.40089,0.47446,0.2877,0.78724,0.99514,1,0.995,0.89456,0.99514,1,0.995,0.81888,0.71083,1.49725,0.31667,0.84765,0.000580174,0.000580174,0.000580174
122,242.293,0.3972,0.46406,0.28796,0.79118,0.99579,1,0.995,0.89437,0.99579,1,0.995,0.81782,0.69925,1.41361,0.31142,0.84592,0.0005731,0.0005731,0.0005731
123,244.274,0.38698,0.43968,0.27967,0.78189,0.99555,1,0.995,0.89614,0.99555,1,0.995,0.83276,0.70949,1.41278,0.31597,0.84758,0.000566027,0.000566027,0.000566027
124,246.265,0.40089,0.45387,0.29128,0.79244,0.99523,1,0.995,0.90382,0.99523,1,0.995,0.82775,0.70005,1.34533,0.31295,0.84386,0.000558953,0.000558953,0.000558953
125,248.199,0.40228,0.48242,0.28903,0.79064,0.99585,1,0.995,0.90086,0.99585,1,0.995,0.82438,0.70255,1.34899,0.31604,0.84409,0.00055188,0.00055188,0.00055188
126,250.221,0.40071,0.46064,0.28542,0.7974,0.99621,1,0.995,0.90021,0.99621,1,0.995,0.8312,0.71645,1.36708,0.31894,0.84979,0.000544806,0.000544806,0.000544806
127,252.146,0.3958,0.45957,0.28292,0.79563,0.99613,1,0.995,0.89806,0.99613,1,0.995,0.82531,0.6972,1.27808,0.31262,0.8476,0.000537733,0.000537733,0.000537733
128,254.174,0.38899,0.45327,0.2806,0.78925,0.99659,1,0.995,0.89468,0.99659,1,0.995,0.81966,0.7118,1.27344,0.32536,0.84914,0.000530659,0.000530659,0.000530659
129,256.169,0.39799,0.45797,0.28449,0.78621,0.99614,1,0.995,0.89732,0.99614,1,0.995,0.82886,0.70471,1.20891,0.31787,0.84697,0.000523586,0.000523586,0.000523586
130,258.153,0.37668,0.45709,0.28568,0.78879,0.99484,1,0.995,0.9008,0.99484,1,0.995,0.82215,0.69919,1.18853,0.31411,0.84535,0.000516512,0.000516512,0.000516512
131,260.135,0.39747,0.47828,0.28911,0.79608,0.99533,1,0.995,0.89806,0.99533,1,0.995,0.82293,0.7056,1.23045,0.3168,0.84806,0.000509438,0.000509438,0.000509438
132,262.219,0.38338,0.45182,0.27971,0.78841,0.9957,1,0.995,0.90539,0.9957,1,0.995,0.82495,0.70038,1.1887,0.32874,0.84591,0.000502365,0.000502365,0.000502365
133,264.198,0.38497,0.4573,0.28386,0.79648,0.99501,1,0.995,0.90569,0.99501,1,0.995,0.81779,0.70659,1.19102,0.33188,0.84604,0.000495291,0.000495291,0.000495291
134,266.187,0.39251,0.48159,0.27809,0.78837,0.99286,1,0.995,0.9042,0.99286,1,0.995,0.81275,0.70463,1.24265,0.30804,0.84657,0.000488218,0.000488218,0.000488218
135,268.113,0.39725,0.46534,0.2777,0.78496,0.99383,1,0.995,0.90323,0.99383,1,0.995,0.82061,0.69457,1.23411,0.30845,0.84556,0.000481144,0.000481144,0.000481144
136,270.098,0.39201,0.45992,0.28396,0.79205,0.99315,0.99937,0.995,0.89557,0.99315,0.99937,0.995,0.83456,0.71014,1.30514,0.30928,0.84797,0.000474071,0.000474071,0.000474071
137,272.124,0.37662,0.43967,0.28061,0.79089,0.99402,0.99956,0.995,0.8951,0.99402,0.99956,0.995,0.8228,0.71382,1.34668,0.30391,0.84868,0.000466997,0.000466997,0.000466997
138,274.112,0.38878,0.44407,0.28299,0.78858,0.99582,1,0.995,0.90017,0.99582,1,0.995,0.81547,0.68499,1.283,0.3067,0.84237,0.000459924,0.000459924,0.000459924
139,276.103,0.38859,0.44058,0.27386,0.79006,0.99574,1,0.995,0.90051,0.99574,1,0.995,0.82109,0.68502,1.27454,0.3085,0.84285,0.00045285,0.00045285,0.00045285
140,278.124,0.39421,0.45671,0.27742,0.79022,0.99608,1,0.995,0.89834,0.99608,1,0.995,0.82121,0.71138,1.37755,0.3111,0.84854,0.000445777,0.000445777,0.000445777
141,280.085,0.40388,0.45858,0.27952,0.79127,0.99635,1,0.995,0.90165,0.99635,1,0.995,0.81864,0.70907,1.39564,0.31245,0.84867,0.000438703,0.000438703,0.000438703
142,282.117,0.37954,0.42232,0.26905,0.78928,0.99562,1,0.995,0.89888,0.99562,1,0.995,0.81733,0.69389,1.36672,0.30706,0.84465,0.000431629,0.000431629,0.000431629
143,284.074,0.38521,0.441,0.27514,0.78891,0.99564,1,0.995,0.8999,0.99564,1,0.995,0.82159,0.70093,1.39175,0.30279,0.84648,0.000424556,0.000424556,0.000424556
144,286.066,0.38559,0.44459,0.2765,0.79183,0.99625,1,0.995,0.89555,0.99625,1,0.995,0.81989,0.69966,1.38435,0.31139,0.8471,0.000417482,0.000417482,0.000417482
145,288.033,0.37399,0.43022,0.26487,0.78746,0.99631,1,0.995,0.89464,0.99631,1,0.995,0.81377,0.70213,1.3662,0.31066,0.84813,0.000410409,0.000410409,0.000410409
146,290.078,0.3835,0.44271,0.26804,0.79574,0.99676,1,0.995,0.89297,0.99676,1,0.995,0.8162,0.71388,1.42094,0.31526,0.85086,0.000403335,0.000403335,0.000403335
147,292.013,0.37835,0.43238,0.26893,0.7873,0.99669,1,0.995,0.89742,0.99669,1,0.995,0.83107,0.71054,1.41778,0.31146,0.84963,0.000396262,0.000396262,0.000396262
148,294.06,0.38182,0.43839,0.26705,0.78794,0.99585,1,0.995,0.89818,0.99585,1,0.995,0.82086,0.70587,1.47115,0.31129,0.84824,0.000389188,0.000389188,0.000389188
149,296.026,0.38031,0.44204,0.27271,0.80229,0.99511,1,0.995,0.8994,0.99511,1,0.995,0.82052,0.70731,1.52328,0.30123,0.84904,0.000382115,0.000382115,0.000382115
150,298.022,0.37263,0.43937,0.26639,0.7885,0.99552,1,0.995,0.90194,0.99552,1,0.995,0.82482,0.69625,1.41005,0.29939,0.84474,0.000375041,0.000375041,0.000375041
151,299.97,0.3696,0.44661,0.26688,0.78465,0.99579,1,0.995,0.90204,0.99579,1,0.995,0.82189,0.69937,1.36562,0.30082,0.84504,0.000367967,0.000367967,0.000367967
152,301.995,0.37056,0.42723,0.26588,0.79023,0.99523,1,0.995,0.89915,0.99523,1,0.995,0.82255,0.71283,1.36279,0.30376,0.84769,0.000360894,0.000360894,0.000360894
153,303.969,0.36919,0.42,0.26143,0.79703,0.99492,1,0.995,0.89722,0.99492,1,0.995,0.8269,0.7079,1.36919,0.30117,0.84696,0.00035382,0.00035382,0.00035382
154,305.94,0.35424,0.41032,0.2539,0.78268,0.99411,1,0.995,0.90202,0.99411,1,0.995,0.82477,0.70478,1.42791,0.30499,0.84588,0.000346747,0.000346747,0.000346747
155,307.998,0.3687,0.42513,0.25986,0.78389,0.99433,1,0.995,0.9013,0.99433,1,0.995,0.82866,0.713,1.43252,0.31346,0.84721,0.000339673,0.000339673,0.000339673
156,310.046,0.37832,0.45264,0.25776,0.79029,0.99557,0.99933,0.995,0.89666,0.99557,0.99933,0.995,0.82193,0.71838,1.41507,0.31426,0.84927,0.0003326,0.0003326,0.0003326
157,312.009,0.36437,0.41561,0.25888,0.78451,0.99561,0.99978,0.995,0.90059,0.99561,0.99978,0.995,0.82394,0.71824,1.42554,0.31183,0.85095,0.000325526,0.000325526,0.000325526
158,314.045,0.36041,0.43032,0.25784,0.78837,0.99637,1,0.995,0.89563,0.99637,1,0.995,0.82355,0.71503,1.42922,0.30475,0.85038,0.000318453,0.000318453,0.000318453
159,316.075,0.37005,0.43932,0.26069,0.78857,0.99646,1,0.995,0.89388,0.99646,1,0.995,0.82229,0.7164,1.44056,0.30492,0.85022,0.000311379,0.000311379,0.000311379
160,318.03,0.37986,0.43325,0.26325,0.78938,0.9959,1,0.995,0.9015,0.9959,1,0.995,0.82686,0.71026,1.43118,0.30244,0.84837,0.000304306,0.000304306,0.000304306
161,319.999,0.37031,0.43278,0.26189,0.7915,0.99577,1,0.995,0.90038,0.99577,1,0.995,0.82842,0.70463,1.38763,0.29984,0.84716,0.000297232,0.000297232,0.000297232
162,321.999,0.37962,0.45084,0.26527,0.79641,0.99645,1,0.995,0.90387,0.99645,1,0.995,0.82693,0.70137,1.32721,0.3072,0.84635,0.000290158,0.000290158,0.000290158
163,323.965,0.35433,0.41337,0.25266,0.78509,0.99698,1,0.995,0.90238,0.99698,1,0.995,0.82567,0.70436,1.34605,0.30379,0.84679,0.000283085,0.000283085,0.000283085
164,325.991,0.36676,0.42868,0.26057,0.78687,0.99662,1,0.995,0.90542,0.99662,1,0.995,0.82514,0.70501,1.36029,0.29984,0.84788,0.000276011,0.000276011,0.000276011
165,327.923,0.36113,0.41949,0.25427,0.78405,0.99582,1,0.995,0.90368,0.99582,1,0.995,0.82476,0.70117,1.34076,0.29746,0.84641,0.000268938,0.000268938,0.000268938
166,329.934,0.35551,0.41921,0.25379,0.78139,0.99417,1,0.995,0.90069,0.99417,1,0.995,0.816,0.68815,1.30265,0.29484,0.84415,0.000261864,0.000261864,0.000261864
167,331.958,0.35482,0.40976,0.25212,0.78642,0.99375,1,0.995,0.90164,0.99375,1,0.995,0.8175,0.6926,1.29739,0.2973,0.84474,0.000254791,0.000254791,0.000254791
168,333.929,0.36594,0.43532,0.26222,0.79472,0.99536,0.9994,0.995,0.89718,0.99536,0.9994,0.995,0.82669,0.70282,1.34786,0.29504,0.84622,0.000247717,0.000247717,0.000247717
169,335.915,0.36326,0.44097,0.26024,0.78623,0.99557,0.99873,0.995,0.90246,0.99557,0.99873,0.995,0.832,0.70607,1.3749,0.29434,0.84656,0.000240644,0.000240644,0.000240644
170,337.91,0.36446,0.41231,0.2554,0.78564,0.99621,0.99935,0.995,0.90802,0.99621,0.99935,0.995,0.82604,0.71368,1.4116,0.29607,0.84876,0.00023357,0.00023357,0.00023357
171,339.899,0.35829,0.41843,0.25533,0.7943,0.99626,1,0.995,0.90316,0.99626,1,0.995,0.82503,0.71008,1.39581,0.29933,0.84827,0.000226497,0.000226497,0.000226497
172,341.922,0.35616,0.41684,0.24911,0.78416,0.996,1,0.995,0.9037,0.996,1,0.995,0.82743,0.70631,1.43089,0.29799,0.84778,0.000219423,0.000219423,0.000219423
173,343.891,0.35972,0.43346,0.25519,0.79199,0.99582,1,0.995,0.90697,0.99582,1,0.995,0.82377,0.7081,1.48737,0.29952,0.84742,0.000212349,0.000212349,0.000212349
174,345.888,0.35935,0.43455,0.25322,0.78685,0.99557,1,0.995,0.90104,0.99557,1,0.995,0.82639,0.71026,1.51738,0.30333,0.84824,0.000205276,0.000205276,0.000205276
175,347.92,0.34046,0.40387,0.24488,0.78353,0.99553,1,0.995,0.90141,0.99553,1,0.995,0.82382,0.70505,1.48543,0.30372,0.84744,0.000198202,0.000198202,0.000198202
176,349.93,0.35774,0.42346,0.24925,0.79073,0.99641,1,0.995,0.9042,0.99641,1,0.995,0.82733,0.7088,1.47748,0.30386,0.84773,0.000191129,0.000191129,0.000191129
177,351.946,0.35812,0.40874,0.25323,0.79173,0.99657,1,0.995,0.90136,0.99657,1,0.995,0.83047,0.71472,1.48422,0.30324,0.84895,0.000184055,0.000184055,0.000184055
178,353.978,0.36408,0.41021,0.25242,0.78511,0.99639,1,0.995,0.89845,0.99639,1,0.995,0.83419,0.71176,1.48148,0.30015,0.8485,0.000176982,0.000176982,0.000176982
179,355.926,0.33865,0.40071,0.24523,0.78636,0.99626,1,0.995,0.89911,0.99626,1,0.995,0.82687,0.70558,1.47491,0.29787,0.84777,0.000169908,0.000169908,0.000169908
180,358.007,0.35713,0.40273,0.24919,0.78301,0.99631,1,0.995,0.90091,0.99631,1,0.995,0.8273,0.69558,1.48964,0.29463,0.84639,0.000162835,0.000162835,0.000162835
181,359.951,0.34967,0.40991,0.2459,0.78099,0.99628,1,0.995,0.90228,0.99628,1,0.995,0.82992,0.69708,1.52674,0.29302,0.84718,0.000155761,0.000155761,0.000155761
182,361.885,0.32902,0.38717,0.24673,0.79102,0.99652,1,0.995,0.89974,0.99652,1,0.995,0.83533,0.70564,1.56231,0.29294,0.84947,0.000148687,0.000148687,0.000148687
183,363.93,0.34411,0.40285,0.24387,0.78947,0.99674,1,0.995,0.90294,0.99674,1,0.995,0.84003,0.70911,1.57385,0.29108,0.84992,0.000141614,0.000141614,0.000141614
184,365.94,0.347,0.39727,0.24116,0.78764,0.99688,1,0.995,0.9032,0.99688,1,0.995,0.82739,0.71485,1.57291,0.29782,0.85104,0.00013454,0.00013454,0.00013454
185,367.972,0.33991,0.38552,0.24388,0.78265,0.99689,1,0.995,0.90092,0.99689,1,0.995,0.83076,0.70973,1.56334,0.29617,0.85077,0.000127467,0.000127467,0.000127467
186,369.992,0.34303,0.39381,0.24484,0.78791,0.99606,1,0.995,0.89924,0.99606,1,0.995,0.83118,0.70567,1.53922,0.29388,0.84942,0.000120393,0.000120393,0.000120393
187,371.921,0.34024,0.39375,0.23775,0.79152,0.99577,1,0.995,0.89981,0.99577,1,0.995,0.83575,0.70368,1.51157,0.29396,0.84834,0.00011332,0.00011332,0.00011332
188,373.936,0.3407,0.41033,0.24165,0.78387,0.99517,1,0.995,0.9004,0.99517,1,0.995,0.83523,0.70047,1.49008,0.2956,0.84756,0.000106246,0.000106246,0.000106246
189,375.879,0.34136,0.40101,0.2404,0.78789,0.99498,1,0.995,0.9005,0.99498,1,0.995,0.83237,0.69973,1.48755,0.29153,0.84763,9.91726e-05,9.91726e-05,9.91726e-05
190,377.845,0.33878,0.39778,0.24179,0.7905,0.99515,1,0.995,0.90143,0.99515,1,0.995,0.82784,0.70379,1.46567,0.28793,0.84826,9.20991e-05,9.20991e-05,9.20991e-05
191,409.871,0.33154,0.40427,0.25416,0.77625,0.99539,1,0.995,0.90086,0.99539,1,0.995,0.82293,0.70425,1.45231,0.28998,0.84871,8.50255e-05,8.50255e-05,8.50255e-05
192,411.663,0.35056,0.41442,0.26568,0.77705,0.9955,1,0.995,0.89311,0.9955,1,0.995,0.81921,0.70909,1.4254,0.28837,0.8501,7.7952e-05,7.7952e-05,7.7952e-05
193,413.522,0.32783,0.40587,0.24552,0.78849,0.99544,1,0.995,0.89142,0.99544,1,0.995,0.81811,0.71222,1.41157,0.28738,0.85049,7.08784e-05,7.08784e-05,7.08784e-05
194,415.343,0.32088,0.39948,0.2444,0.77868,0.99531,1,0.995,0.8943,0.99531,1,0.995,0.82132,0.71597,1.41995,0.28856,0.85209,6.38049e-05,6.38049e-05,6.38049e-05
195,417.123,0.33553,0.42207,0.2497,0.78047,0.99525,1,0.995,0.89742,0.99525,1,0.995,0.82141,0.71568,1.42624,0.29154,0.85241,5.67313e-05,5.67313e-05,5.67313e-05
196,418.975,0.33008,0.41589,0.24616,0.77018,0.9957,1,0.995,0.8997,0.9957,1,0.995,0.81788,0.71037,1.41332,0.29103,0.85121,4.96578e-05,4.96578e-05,4.96578e-05
197,420.742,0.31973,0.41365,0.24354,0.78094,0.99574,1,0.995,0.89793,0.99574,1,0.995,0.82008,0.70876,1.4123,0.28866,0.85109,4.25842e-05,4.25842e-05,4.25842e-05
198,422.557,0.31817,0.40171,0.23882,0.78246,0.99588,1,0.995,0.89769,0.99588,1,0.995,0.82208,0.70427,1.41708,0.28798,0.84978,3.55107e-05,3.55107e-05,3.55107e-05
199,424.351,0.32029,0.39994,0.24076,0.77887,0.99595,1,0.995,0.89855,0.99595,1,0.995,0.82142,0.70368,1.42011,0.28872,0.8497,2.84371e-05,2.84371e-05,2.84371e-05
200,426.137,0.31673,0.40672,0.23028,0.77907,0.99605,1,0.995,0.89505,0.99605,1,0.995,0.8181,0.7019,1.4289,0.29019,0.84945,2.13636e-05,2.13636e-05,2.13636e-05
